{"cameraMode":{"drawMode":0,"name":"Shaded","section":"Shading Mode"},"sceneLighting":true,"audioPlay":false,"sceneViewState":{"m_AlwaysRefresh":false,"showFog":true,"showSkybox":true,"showFlares":true,"showImageEffects":true,"showParticleSystems":true,"showVisualEffectGraphs":true,"m_FxEnabled":true},"in2DMode":false,"pivot":{"x":-39.083213806152347,"y":23.79904556274414,"z":12.796104431152344},"rotation":{"x":0.0876467153429985,"y":0.9095282554626465,"z":-0.32275691628456118,"w":0.24696563184261323},"size":58.81390380859375,"orthographic":false}